{
  "players": [
    {
      "id": 1,
      "name": "Sachin",
      "country": "india",
      "matchesPlayed": 300
    },
    {
      "id": 2,
      "name": "Kohli",
      "country": "india",
      "matchesPlayed": 400
    },
    {
      "id": 3,
      "name": "brian lara",
      "country": "west indies",
      "matchesPlayed": "122"
    },
    {
      "id": 4,
      "name": "tendulkar",
      "country": "india",
      "matchesPlayed": "200"
    },
    {
      "name": "Shubham",
      "country": "India",
      "matchesPlayed": "200",
      "id": 5
    },
    {
      "name": "Vivek",
      "country": "india",
      "matchesPlayed": "200",
      "id": 6
    },
    {
      "name": "Vivek ",
      "country": "",
      "matchesPlayed": "",
      "id": 7
    },
    {
      "name": "Vijay ",
      "country": "Srilanak",
      "matchesPlayed": "50",
      "id": 8
    }
  ]
}